model_name,auc_roc,auc_pr,accuracy,recall_sensitivity,precision,f1,specificity,threshold,tp,fp,tn,fn,selection_score
quantum_inspired_rbf_kernel,0.9296548573689783,0.4868131377744787,0.9428,0.5273972602739726,0.5099337748344371,0.5185185185185185,0.9685641461342396,0.25,77,74,2280,69,0.7066374306156344
quantum_inspired_poly_kernel,0.9180788165873303,0.46791768942706324,0.9372,0.5205479452054794,0.4662576687116564,0.4919093851132686,0.9630416312659303,0.25,76,87,2267,70,0.6937091253088701
