model_name,auc_ovr_macro,accuracy,recall_macro,precision_macro,f1_macro,f1_weighted,selection_score
quantum_inspired_poly_kernel,0.9923731103536644,0.9144,0.9307218103412924,0.8824597922116342,0.9027483566931869,0.9148528011763701,0.922433196815029
quantum_inspired_rbf_kernel,0.979668630593543,0.8696,0.8969754180785321,0.8285387334880094,0.8543921200458389,0.8705397958217456,0.8827363365012496
